area,team_name,cost,migration,time_score,created_time
京津东北赛区,hehe,1093169247,126694,117.474,2021/03/24
京津东北赛区,FDTB_,1097194756,69310,135.244,2021/03/23
京津东北赛区,队名叫什么？,1099424803,126405,127.184,2021/03/24
京津东北赛区,春日部防卫队,1099906140,126601,146.025,2021/03/24
京津东北赛区,甜甜咸咸代码历险记,1101800104,84472,152.403,2021/03/24
京津东北赛区,内个小队,1103107971,48848,87.599,2021/03/22
京津东北赛区,迪丽热巴哥,1111052455,126694,111.298,2021/03/24
京津东北赛区,力争第33名,1112902397,67166,132.802,2021/03/23
京津东北赛区,未命名3,1114402201,57947,87.214,2021/03/23
京津东北赛区,zyb是我儿子,1114667178,126694,40.546,2021/03/22
京津东北赛区,sunshine,1116089152,72680,35.581,2021/03/22
京津东北赛区,琥琥笙威,1117922294,96763,118.255,2021/03/20
京津东北赛区,Echo,1127610472,124788,110.365,2021/03/23
京津东北赛区,果壳干饭王,1128436559,19896,57.335,2021/03/22
京津东北赛区,海盗团,1129466951,21393,91.901,2021/03/24
京津东北赛区,一叶知秋,1129948972,126480,12.178,2021/03/24
京津东北赛区,火石桥一队,1133815606,0,144.124,2021/03/23
京津东北赛区,海事霍建华,1139887982,8398,108.037,2021/03/24
京津东北赛区,无糖可口可乐零度汽水,1141031607,0,10.256,2021/03/24
京津东北赛区,超级码力,1149140010,0,1.46,2021/03/24
京津东北赛区,金高朋,1150102495,0,85.142,2021/03/24
京津东北赛区,自己一,1151021764,0,0.481,2021/03/24
京津东北赛区,我是臭弟弟,1151033630,2444,93.198,2021/03/18
京津东北赛区,在你头顶的地中海长情告白,1156174147,126354,26.12,2021/03/19
京津东北赛区,HITZSN,1156813700,0,5.653,2021/03/24
京津东北赛区,tcnnl,1158969414,0,53.856,2021/03/23
京津东北赛区,第一次写代码,1164777415,0,55.409,2021/03/22
京津东北赛区,RL大法好,1169724866,70040,22.068,2021/03/18
京津东北赛区,hw35332490,1171744594,112223,97.602,2021/03/16
京津东北赛区,TJU-SmartIot,1183671135,6722,143.763,2021/03/22
京津东北赛区,HCore,1185912114,0,100.911,2021/03/24
京津东北赛区,Ice-Team,1188736700,0,32.28,2021/03/21
京津东北赛区,OJAC,1188892158,122796,2.448,2021/03/23
京津东北赛区,ZMetalHeartY,1189853443,0,19.376,2021/03/21
京津东北赛区,马家沟轮船修造高级专科学院,1190391129,0,22.107,2021/03/24
京津东北赛区,Time Machine,1191746159,0,94.282,2021/03/23
京津东北赛区,暴力美学,1193339575,0,37.448,2021/03/24
京津东北赛区,BUGMAN,1195590722,55942,105.855,2021/03/18
京津东北赛区,7166,1197290888,0,11.407,2021/03/23
京津东北赛区,北电青年,1198250662,0,25.135,2021/03/23
京津东北赛区,希望这次有空做,1201176079,0,104.098,2021/03/23
京津东北赛区,秃鸡队,1206820982,0,43.591,2021/03/24
京津东北赛区,三人成虎,1207442845,0,2.199,2021/03/23
京津东北赛区,Maybe,1209254337,0,2.239,2021/03/24
京津东北赛区,你说的队,1210407331,0,139.453,2021/03/22
京津东北赛区,划水达人,1214777576,0,136.525,2021/03/23
京津东北赛区,为你按下F键,1217926777,0,0.938,2021/03/12
京津东北赛区,HUSKIES,1224996816,4596,11.742,2021/03/22
京津东北赛区,我的2021,1226991608,0,3.152,2021/03/24
京津东北赛区,D0,1229656147,0,15.519,2021/03/24
京津东北赛区,小组404,1231976482,0,62.08,2021/03/23
京津东北赛区,200斤的英国大力士,1232997884,0,82.73,2021/03/23
京津东北赛区,小聂聂最可爱,1234205967,0,38.529,2021/03/11
京津东北赛区,astro,1234822637,0,113.824,2021/03/23
京津东北赛区,神笔,1244616944,0,13.531,2021/03/24
京津东北赛区,猪头三学弟能梦到兔女郎学姐吗,1246284025,0,75.805,2021/03/23
京津东北赛区,前排的大佬让让我,1257079820,0,42.663,2021/03/18
京津东北赛区,rush32，GOGOGO,1263113047,0,1.362,2021/03/19
京津东北赛区,要不是真的菜,1269026693,0,5.438,2021/03/22
京津东北赛区,我的心是冰冰的,1271025743,0,8.621,2021/03/21
京津东北赛区,蹦~蹦~炸弹,1275638899,0,15.454,2021/03/20
京津东北赛区,LWZ,1282750766,0,44.308,2021/03/21
京津东北赛区,XianFish,1294308035,0,47.248,2021/03/24
京津东北赛区,Majornan,1309780276,0,0.707,2021/03/24
京津东北赛区,永远对,1311354414,0,6.1,2021/03/24
京津东北赛区,D401,1320732848,0,0.402,2021/03/17
京津东北赛区,学算法上acwing,1375007130,0,0.503,2021/03/21
京津东北赛区,浅度学习,1392592642,0,7.784,2021/03/24
京津东北赛区,农夫三全,1392592642,0,8.237,2021/03/24
京津东北赛区,20万洒洒水,1392592642,0,8.245,2021/03/22
京津东北赛区,不可击败的AlphaGO,1392592642,0,8.628,2021/03/23
京津东北赛区,江江最可爱,1612120954,0,24.975,2021/03/24
京津东北赛区,爱吃火龙果,1619261099,0,10.102,2021/03/22
京津东北赛区,一群张杰,1675453461,0,17.666,2021/03/19
京津东北赛区,泰克脑了机,1703249070,0,62.137,2021/03/16
京津东北赛区,PKUCODER,1705980243,0,3.852,2021/03/24
京津东北赛区,hw92374608,1731360278,0,14.839,2021/03/17
京津东北赛区,风犬队,1797454648,0,0.624,2021/03/20
京津东北赛区,雷霆嘎巴,1833684783,0,0.534,2021/03/12
京津东北赛区,烫烫烫烫烫,1833684783,0,0.548,2021/03/17
京津东北赛区,万里有云,1833684783,0,0.548,2021/03/23
京津东北赛区,汪疯战队,2146599802,0,103.196,2021/03/24
京津东北赛区,C205,2370738798,0,62.103,2021/03/19
京津东北赛区,818小分队,2370738798,0,64.259,2021/03/24
京津东北赛区,QSZcode,2485755215,0,100.594,2021/03/23
京津东北赛区,等个好名字,2600291694,0,19.204,2021/03/23
京津东北赛区,BiasForYou,4018597609,0,10.017,2021/03/24
京津东北赛区,乱披风锤法,4992674014,0,12.466,2021/03/24
京津东北赛区,小浣熊,6028698122,0,16.621,2021/03/19
京津东北赛区,NoNameNeeded,6266809621,0,9.137,2021/03/11
京津东北赛区,再战9号线,6266809621,0,9.138,2021/03/12
京津东北赛区,全东北就这一个,6266809621,0,9.139,2021/03/15
京津东北赛区,MACL-CODER,6266809621,0,9.165,2021/03/17
京津东北赛区,Noodles,6847777776,0,0.549,2021/03/24
京津东北赛区,木子酒,7316501213,0,1.255,2021/03/16
京津东北赛区,hw3341763,8678181417,0,8.672,2021/03/15
京津东北赛区,何事惊慌,21502744815,0,0.604,2021/03/24
上合赛区,卷不动已躺平,1087303603,126694,112.695,2021/03/24
上合赛区,巴啦啦小魔仙嘉定分仙,1090389940,122296,62.193,2021/03/24
上合赛区,理实交融,1097297383,81517,144.845,2021/03/24
上合赛区,无他，唯手熟尔,1099208082,81695,140.366,2021/03/24
上合赛区,同济一只牛,1100993529,120752,141.718,2021/03/24
上合赛区,创造101,1102208617,28763,38.088,2021/03/24
上合赛区,玩具车,1102813130,126694,112.921,2021/03/21
上合赛区,小鱼干,1103415491,120817,135.343,2021/03/23
上合赛区,returesult,1104241278,114229,92.52,2021/03/24
上合赛区,卧龙凤雏王多鱼,1107366850,49621,157.778,2021/03/23
上合赛区,猪头粽,1108305090,20949,130.949,2021/03/24
上合赛区,世界一流退学,1110501819,88390,138.93,2021/03/23
上合赛区,这也不好做那也不好做,1112815983,36176,104.887,2021/03/24
上合赛区,轮滑,1114536534,114575,127.068,2021/03/23
上合赛区,躲进蜗壳成一统,1118026063,39110,7.097,2021/03/23
上合赛区,re:从零开始的软挑,1118539484,126424,114.484,2021/03/23
上合赛区,希望之花,1120769595,100019,165.944,2021/03/23
上合赛区,摸鱼划水真君,1124958841,122327,57.994,2021/03/21
上合赛区,"你好,王海川.",1127956323,0,87.645,2021/03/22
上合赛区,俞大佬干饭团,1128318126,65066,37.736,2021/03/23
上合赛区,闵大荒天才少年,1130624675,0,107.72,2021/03/17
上合赛区,我好菜鸭,1130631973,78260,156.03,2021/03/22
上合赛区,南七南桐,1131872045,37558,62.895,2021/03/24
上合赛区,USTC1010,1134917447,31277,85.805,2021/03/22
上合赛区,他说他是乱打的,1139328565,55204,149.972,2021/03/22
上合赛区,Lvrq,1140145358,116944,160.78,2021/03/23
上合赛区,伟伟道来,1142683350,117928,14.019,2021/03/22
上合赛区,我代码是乱写的,1146138536,29072,31.681,2021/03/16
上合赛区,随便,1149475234,25406,19.622,2021/03/23
上合赛区,起名苦手,1150529754,21436,76.6,2021/03/24
上合赛区,平平无奇的观光团,1156798746,2356,28.033,2021/03/19
上合赛区,hw17467657,1156938163,58688,37.615,2021/03/21
上合赛区,喜提offer,1158783452,19331,65.449,2021/03/24
上合赛区,bugfree,1161362439,28212,112.23,2021/03/22
上合赛区,写代码会获得头发,1163627123,126365,26.136,2021/03/24
上合赛区,放学你别走，蹲你家门口,1167012699,0,26.378,2021/03/20
上合赛区,体验一下队,1168941412,15115,54.276,2021/03/24
上合赛区,五连绝世,1169911980,124080,161.48,2021/03/24
上合赛区,国 服 夏 侯 惇,1170906709,0,121.246,2021/03/24
上合赛区,因特纳雄耐尔,1174104430,41147,17.621,2021/03/24
上合赛区,远东魔术昼寝结社之夏,1177753413,0,14.941,2021/03/23
上合赛区,冰可乐不加冰,1177844122,29907,0.742,2021/03/24
上合赛区,心大,1178187473,126682,142.689,2021/03/24
上合赛区,天外飞猪,1181952395,0,73.296,2021/03/24
上合赛区,憨憨宝宝,1184009088,0,75.374,2021/03/24
上合赛区,摸鱼第一,1185870597,3691,64.708,2021/03/24
上合赛区,11号公寓的男孩们,1185994925,29153,0.883,2021/03/22
上合赛区,欧拉欧拉欧拉欧拉欧拉,1188770714,0,29.408,2021/03/23
上合赛区,上海大学养猪厂,1192749986,8074,98.44,2021/03/23
上合赛区,卧龙寺,1193403827,44254,84.022,2021/03/24
上合赛区,发际线与我作队,1193586478,34957,8.401,2021/03/24
上合赛区,巧克力,1197980522,5627,84.071,2021/03/17
上合赛区,难期绩效,1199350022,0,2.417,2021/03/23
上合赛区,hzatt,1200585926,0,2.928,2021/03/16
上合赛区,东方朗昌,1201086350,0,0.997,2021/03/22
上合赛区,尽量不划水,1202643462,0,74.756,2021/03/22
上合赛区,虎牙688,1204292712,0,18.377,2021/03/22
上合赛区,托马斯小火车,1204849752,0,0.708,2021/03/19
上合赛区,奇才队,1205796951,0,111.866,2021/03/23
上合赛区,熵和小队,1206671011,0,57.44,2021/03/22
上合赛区,现在学习还来得及,1208555221,15885,109.42,2021/03/24
上合赛区,GIAO,1212364092,0,59.086,2021/03/24
上合赛区,头发比你多战队,1213625288,0,45.989,2021/03/20
上合赛区,抗压猫,1215561551,0,28.482,2021/03/17
上合赛区,贪心就是最牛的队,1216593028,0,8.183,2021/03/23
上合赛区,雪獒铠甲-合体！,1217625189,0,113.959,2021/03/24
上合赛区,hw88487288,1217926777,0,1.507,2021/03/14
上合赛区,东方饭店M,1218337325,0,4.416,2021/03/19
上合赛区,PHP是世界上最好的语言,1220388622,0,47.558,2021/03/23
上合赛区,合工大410,1222418091,0,12.287,2021/03/22
上合赛区,只管贪心不管对不队,1228144214,0,64.78,2021/03/23
上合赛区,hw24279750,1229481945,0,25.743,2021/03/17
上合赛区,大佬快教教我,1241781391,53276,174.316,2021/03/23
上合赛区,济济国王,1242347513,0,126.429,2021/03/20
上合赛区,ustc_F3,1242861308,0,13.236,2021/03/22
上合赛区,Segment Fault,1254094902,1481,18.798,2021/03/24
上合赛区,超越一号,1261257773,0,9.285,2021/03/22
上合赛区,迪杰特斯拉,1264148740,0,14.102,2021/03/19
上合赛区,锟斤拷烫烫烫,1265949439,0,30.764,2021/03/24
上合赛区,运筹小分队,1270224930,0,62.358,2021/03/21
上合赛区,建议退队,1271373361,0,14.162,2021/03/22
上合赛区,瀑布流云,1277219145,0,138.419,2021/03/23
上合赛区,老年复健队,1284393902,21252,91.319,2021/03/23
上合赛区,weak chicken,1296917432,0,0.71,2021/03/19
上合赛区,xdm,1300306983,126666,93.61,2021/03/20
上合赛区,代表月亮消灭你！,1321562344,0,105.976,2021/03/24
上合赛区,江北魂,1326556551,0,89.6,2021/03/22
上合赛区,不会做就不做,1330980229,0,38.526,2021/03/16
上合赛区,吃什么,1363770593,0,8.573,2021/03/24
上合赛区,我在徐家汇等位,1376117967,0,18.338,2021/03/19
上合赛区,Keep calm and write c++,1392592642,0,7.86,2021/03/20
上合赛区,10101010,1392592642,0,7.899,2021/03/21
上合赛区,何处春江无月明,1392592642,0,8.353,2021/03/18
上合赛区,码上起飞,1431291061,5793,32.325,2021/03/22
上合赛区,LLP,1454023938,0,75.916,2021/03/24
上合赛区,林黛玉倒拔垂杨柳,1469773665,7132,7.87,2021/03/24
上合赛区,牛头人,1478382216,0,12.255,2021/03/24
上合赛区,小萌新,1519810010,0,173.304,2021/03/17
上合赛区,Titan,1550834798,0,21.543,2021/03/20
上合赛区,hw47591496,1568814514,0,0.597,2021/03/23
杭厦赛区,HDU穷哥们,1073447676,126694,130.186,2021/03/24
杭厦赛区,抬杠团团,1075495483,122371,43.118,2021/03/24
杭厦赛区,福州大学三缺一,1080036357,124202,27.812,2021/03/24
杭厦赛区,MeshMaker,1084497715,126683,45.506,2021/03/24
杭厦赛区,好想下班,1086541693,126645,57.871,2021/03/24
杭厦赛区,MXS,1087456366,122890,62.922,2021/03/21
杭厦赛区,我想静静,1089029818,86787,37.574,2021/03/24
杭厦赛区,铁锤兄弟,1089510492,87203,124.46,2021/03/24
杭厦赛区,目标华为手环,1091864729,121099,105.671,2021/03/23
杭厦赛区,pinkrabbit_fan_club,1093679083,122696,75.451,2021/03/21
杭厦赛区,夜袭寡妇村,1093685053,100110,164.422,2021/03/22
杭厦赛区,连BUG都对,1093833398,126096,104.958,2021/03/22
杭厦赛区,打铁浪退,1094924809,91621,29.643,2021/03/21
杭厦赛区,麻辣拌饭,1095830506,102079,129.921,2021/03/24
杭厦赛区,hdu汪汪队,1097754403,118370,144.501,2021/03/21
杭厦赛区,爬爬爬,1098184607,115162,110.433,2021/03/24
杭厦赛区,HDU富婆们,1098676457,34192,45.606,2021/03/24
杭厦赛区,一根小布丁,1099466336,90616,100.079,2021/03/24
杭厦赛区,HDU干饭组合,1101141086,112974,97.092,2021/03/24
杭厦赛区,帕秋莉Go,1102098756,71638,156.81,2021/03/24
杭厦赛区,七彩祥云,1102891453,28886,87.27,2021/03/24
杭厦赛区,gyzhty,1103635688,126694,87.393,2021/03/24
杭厦赛区,三只松鼠,1104005034,126694,36.247,2021/03/20
杭厦赛区,浙工大投降队,1104421553,68433,134.273,2021/03/20
杭厦赛区,混元太极形意门,1111142822,44374,142.859,2021/03/20
杭厦赛区,又看了你一眼,1111273192,126694,132.202,2021/03/24
杭厦赛区,江南算坊,1112337089,29278,10.177,2021/03/24
杭厦赛区,鹅恶饿,1112966700,125829,88.441,2021/03/24
杭厦赛区,hdu1024,1113415461,41012,162.394,2021/03/23
杭厦赛区,hw94767075,1115597219,99604,14.616,2021/03/23
杭厦赛区,Jedi Order,1117973942,123735,101.65,2021/03/24
杭厦赛区,Just搜搜day,1120256316,103070,34.409,2021/03/23
杭厦赛区,写的都队,1125747954,85703,99.513,2021/03/24
杭厦赛区,三只老虎爱跳舞,1126061322,34093,47.86,2021/03/24
杭厦赛区,一家三口,1127463132,126694,82.579,2021/03/22
杭厦赛区,jojo的奇妙旅行,1128417650,26012,54.06,2021/03/23
杭厦赛区,不入虎穴,1130701469,126201,119.917,2021/03/23
杭厦赛区,电子秤联萌,1131600155,115604,67.774,2021/03/23
杭厦赛区,Hdu后勤,1134715040,79124,57.44,2021/03/22
杭厦赛区,蔡导梦之,1135765800,49058,8.807,2021/03/24
杭厦赛区,随便玩玩,1136296309,48327,49.359,2021/03/20
杭厦赛区,7k7k,1136956261,51506,121.356,2021/03/24
杭厦赛区,Eureka,1139794960,24227,25.63,2021/03/23
杭厦赛区,HDU奶茶供应商,1144816801,126586,30.198,2021/03/22
杭厦赛区,slayers come,1150693347,0,2.567,2021/03/18
杭厦赛区,辛丑年的小丑,1152772766,55612,69.449,2021/03/24
杭厦赛区,先去吃碗馄饨,1153158898,0,22.15,2021/03/18
杭厦赛区,干啥啥不行,1157104420,123300,15.271,2021/03/24
杭厦赛区,别骂了别骂了,1157166731,0,6.999,2021/03/21
杭厦赛区,hw72629140,1158521123,1336,1.19,2021/03/24
杭厦赛区,老板来袭,1158867449,11330,81.102,2021/03/23
杭厦赛区,HDU-A,1159646470,0,8.224,2021/03/21
杭厦赛区,由于太菜就全练打字了,1162596334,8309,120.745,2021/03/20
杭厦赛区,半人马座,1177428349,0,122.659,2021/03/17
杭厦赛区,水卢水不水,1184297785,42275,8.283,2021/03/23
杭厦赛区,杭电推土机,1184371725,0,81.386,2021/03/23
杭厦赛区,确实确实,1185876935,0,37.101,2021/03/24
杭厦赛区,forleuu,1187506397,0,49.143,2021/03/23
杭厦赛区,Baboon和卷卷keeper,1187807927,10524,129.337,2021/03/24
杭厦赛区,baoruikai,1187928483,0,2.238,2021/03/16
杭厦赛区,德育分不亏,1190273809,0,9.759,2021/03/23
杭厦赛区,都是BUG,1192552396,0,31.87,2021/03/24
杭厦赛区,猫猫人,1194231314,0,108.586,2021/03/23
杭厦赛区,ysx天下第一 ,1194914613,0,11.016,2021/03/12
杭厦赛区,A-Team,1196532270,0,16.831,2021/03/19
杭厦赛区,NoWA,1198566753,0,2.777,2021/03/24
杭厦赛区,~QAQ~,1199111273,31579,55.389,2021/03/22
杭厦赛区,小啧味yyds,1199968281,0,78.703,2021/03/18
杭厦赛区,想吃海底捞,1202192142,0,64.479,2021/03/24
杭厦赛区,小韭菜,1203622257,0,33.562,2021/03/24
杭厦赛区,love&peace,1204173881,0,44.47,2021/03/18
杭厦赛区,口喜口喜,1207751908,0,10.473,2021/03/23
杭厦赛区,歪比巴卜,1209848467,0,10.823,2021/03/20
杭厦赛区,贪心大法好,1212158189,0,55.427,2021/03/19
杭厦赛区,风一直吹,1213525583,11467,83.008,2021/03/18
杭厦赛区,风栖巷,1213528723,0,12.403,2021/03/24
杭厦赛区,玉泉倒得快,1213860461,0,146.162,2021/03/22
杭厦赛区,相信光吗,1214859428,266,9.119,2021/03/23
杭厦赛区,虚胖,1215837069,0,89.325,2021/03/22
杭厦赛区,提交什么都,1216219541,0,1.245,2021/03/22
杭厦赛区,韭零后,1216471396,0,5.549,2021/03/24
杭厦赛区,一定要深入,1216597833,0,21.744,2021/03/18
杭厦赛区,\emoji,1217303804,126694,128.267,2021/03/15
杭厦赛区,小肥星,1217903260,0,0.663,2021/03/21
杭厦赛区,朝比奈实玖瑠,1217926777,0,0.917,2021/03/15
杭厦赛区,mkt_7489_9109,1217926777,0,0.917,2021/03/23
杭厦赛区,浑水摸鱼,1217926777,0,0.927,2021/03/16
杭厦赛区,HDU小队,1217926777,0,0.932,2021/03/13
杭厦赛区,江西ICPC-WF第一战队,1217926777,0,0.933,2021/03/22
杭厦赛区,hw95609040,1217926777,0,0.95,2021/03/17
杭厦赛区,冷冻的罗非鱼,1217926777,0,0.952,2021/03/19
杭厦赛区,Dark Reunion,1217926777,0,1.033,2021/03/17
杭厦赛区,天下第一,1217926777,0,1.497,2021/03/20
杭厦赛区,hw7777777777,1224334158,0,1.149,2021/03/17
杭厦赛区,国王都懂,1226351467,0,3.201,2021/03/22
杭厦赛区,天天想摸鱼,1227606787,0,7.237,2021/03/17
杭厦赛区,好难啊不卷了,1229395723,0,15.655,2021/03/20
杭厦赛区,广告位待招租,1233020463,0,76.071,2021/03/18
杭厦赛区,one_two_three_up,1241194128,0,141.129,2021/03/19
杭厦赛区,雅尔塔三巨头,1250352262,0,13.315,2021/03/18
江山赛区,JSSEC_与食俱进,1080524885,126364,91.309,2021/03/24
江山赛区,江山如画,1082005922,126694,93.355,2021/03/22
江山赛区,精神小伙,1082031959,126694,23.947,2021/03/23
江山赛区,团队名称,1083240117,126694,105.505,2021/03/23
江山赛区,小小同学,1088112307,123528,84.265,2021/03/23
江山赛区,猴子来了,1088921306,77912,138.867,2021/03/24
江山赛区,天马行空,1089253610,123477,82.981,2021/03/23
江山赛区,kcolbedoc,1093148879,114005,105.028,2021/03/24
江山赛区,LookXXL,1099574643,93710,110.118,2021/03/21
江山赛区,舌尖岛和黄焖鸡,1101199826,75513,22.278,2021/03/23
江山赛区,996,1102774667,123790,107.814,2021/03/24
江山赛区,直接拿下,1103262701,46303,70.186,2021/03/21
江山赛区,JSSEC_ZXM天下第一,1104759686,58101,171.156,2021/03/24
江山赛区,对不队,1105210148,78683,122.503,2021/03/23
江山赛区,冲冲冲LOL小分队,1107421349,72090,172.319,2021/03/23
江山赛区,利好茅台抄底白酒,1107829310,92804,105.461,2021/03/20
江山赛区,水杯不能放在自己桌子上,1108250514,85357,103.86,2021/03/24
江山赛区,我有腾讯和阿里的offer,1108372739,110689,52.323,2021/03/24
江山赛区,1234567890,1110080806,70970,108.784,2021/03/23
江山赛区,随机种子永远滴神,1112333508,84577,141.242,2021/03/23
江山赛区,楼上大佬求带,1113776409,63355,121.915,2021/03/24
江山赛区,女少虫圭禾中子,1117212484,112439,103.572,2021/03/23
江山赛区,不太会打加一队,1119500707,19231,43.106,2021/03/20
江山赛区,qazwsx,1120185391,126694,79.624,2021/03/24
江山赛区,Debug,1127127215,0,6.338,2021/03/23
江山赛区,这把优化完就删库跑路,1131125592,51064,134.865,2021/03/23
江山赛区,有那么一丝丝道理,1132918639,115072,60.604,2021/03/24
江山赛区,名次可以差名字一定骚的仙女队,1136814984,34763,42.892,2021/03/24
江山赛区,队不队,1139302333,123300,63.02,2021/03/24
江山赛区,yux2,1144612515,36541,38.387,2021/03/20
江山赛区,豪车,1147281963,29720,140.74,2021/03/24
江山赛区,上九楼的快活,1150025213,59479,10.395,2021/03/23
江山赛区,天冷了记得穿秋裤,1150790173,78491,135.976,2021/03/24
江山赛区,随缘算法 脚打代码,1151805811,126188,26.803,2021/03/23
江山赛区,KDF,1153254647,0,4.276,2021/03/24
江山赛区,大山坡最靓的仔,1154703505,0,92.754,2021/03/21
江山赛区,lin_Phantaci,1156174147,126354,25.982,2021/03/19
江山赛区,空指针异常,1156467788,58804,83.798,2021/03/24
江山赛区,从零开始的C艹,1161395790,0,5.006,2021/03/24
江山赛区,中东富豪三人组,1164276517,58731,85.473,2021/03/21
江山赛区,一人饮酒醉,1165411930,38182,97.788,2021/03/24
江山赛区,Cirtrus,1165502424,0,13.982,2021/03/21
江山赛区,Tardis,1166583294,97538,19.597,2021/03/20
江山赛区,武寺陵,1168689861,92937,70.363,2021/03/22
江山赛区,斩妖除魔队,1173035271,0,25.538,2021/03/23
江山赛区,达夫小队,1174292711,0,4.265,2021/03/24
江山赛区,2021@Better,1175966377,45666,28.705,2021/03/24
江山赛区,水不动了,1178952192,7756,145.247,2021/03/21
江山赛区,团队名请尽量简洁,1180245325,50,31.231,2021/03/24
江山赛区,202三叉戟,1180808892,27879,7.028,2021/03/23
江山赛区,为爱冲刺,1180963336,0,14.456,2021/03/24
江山赛区,因为auto我们哭了,1181786356,0,26.592,2021/03/23
江山赛区,啊哈,1184406154,0,41.596,2021/03/24
江山赛区,**斩首,1186924560,0,169.481,2021/03/24
江山赛区,小心二次元,1187629674,17415,119.51,2021/03/23
江山赛区,海大F4,1187814921,0,29.411,2021/03/20
江山赛区,DNXFD2021,1187927333,0,22.336,2021/03/23
江山赛区,64strong守门员,1188136193,0,10.992,2021/03/22
江山赛区,等等灵感,1188349811,373,26.453,2021/03/23
江山赛区,白酒跳楼小分队,1189235873,42180,67.905,2021/03/23
江山赛区,Flipped,1189628711,0,0.802,2021/03/22
江山赛区,九星吞噬鲲,1195880607,0,43.804,2021/03/23
江山赛区,永不加班,1196931247,37615,19.728,2021/03/23
江山赛区,汪汪没想到,1197764720,0,12.195,2021/03/24
江山赛区,排水渠过弯,1198711394,0,5.503,2021/03/23
江山赛区,bdsip,1200451390,0,93.209,2021/03/23
江山赛区,激动的心，颤抖的手,1207921562,0,55.525,2021/03/19
江山赛区,你说我说的对不队,1211510954,0,137.674,2021/03/23
江山赛区,NUAA奇思妙想队,1211878535,0,9.458,2021/03/20
江山赛区,水可载舟亦可赛艇,1216825580,0,19.583,2021/03/21
江山赛区,江山如此多娇,1217926777,0,1.499,2021/03/17
江山赛区,555我能追到她嘛,1218571626,0,4.69,2021/03/22
江山赛区,441,1221408092,0,13.025,2021/03/21
江山赛区,时光蒸汽喵,1226711449,0,92.732,2021/03/22
江山赛区,老潘说的队,1228830668,0,11.693,2021/03/23
江山赛区,干啥啥不行 干饭第一名,1229627380,30166,5.057,2021/03/18
江山赛区,熊出没,1233108897,0,5.767,2021/03/20
江山赛区,njupt_usts,1234084262,0,37.738,2021/03/19
江山赛区,拿了跑路,1261863098,0,8.716,2021/03/22
江山赛区,jsonzb,1277824097,0,6.803,2021/03/11
江山赛区,nuaa20,1280442171,0,3.409,2021/03/18
江山赛区,竹林三剑客,1283087051,0,164.407,2021/03/24
江山赛区,划水划水划划水,1283695140,0,7.739,2021/03/24
江山赛区,敛翮带馀霜,1285206282,0,7.024,2021/03/13
江山赛区,我还有复试啊啊啊啊啊啊,1287746978,0,63.647,2021/03/17
江山赛区,THE2,1287885613,0,47.592,2021/03/24
江山赛区,鼎山汪汪队,1308921923,0,60.392,2021/03/22
江山赛区,求个offer行不行,1325147906,0,3.374,2021/03/22
江山赛区,四季奶青,1330944195,0,4.304,2021/03/24
江山赛区,一拳三个AC怪,1344282016,0,0.76,2021/03/18
江山赛区,写代码要讲武德,1344673511,0,13.417,2021/03/22
江山赛区,每天优化一千万就算胜利,1349863013,11694,6.831,2021/03/17
江山赛区,祖国必然统一,1354050109,80902,1.369,2021/03/19
江山赛区,四面杵鸽,1361863712,0,4.118,2021/03/24
江山赛区,greenHand,1392592642,0,7.848,2021/03/22
江山赛区,涅槃,1392592642,0,8.264,2021/03/22
江山赛区,名字很SAO,1392592642,0,8.277,2021/03/21
江山赛区,院士带队,1392592642,0,8.422,2021/03/24
江山赛区,学长专业带飞,1392592642,0,8.525,2021/03/20
江山赛区,烫烫烫锟斤烤,1392592642,0,8.53,2021/03/22
成渝赛区,magicraft,1070709243,126510,106.4,2021/03/23
成渝赛区,重大干饭人,1082523745,116142,94.112,2021/03/24
成渝赛区,主教2310,1085852909,126659,103.909,2021/03/24
成渝赛区,清水河扛把子,1088402351,126692,81.114,2021/03/21
成渝赛区,Getting Started,1091617638,126694,66.229,2021/03/24
成渝赛区,风流倜傥,1093021288,68433,113.206,2021/03/23
成渝赛区,翡翠湖畔的合欢花,1093665201,89718,99.217,2021/03/24
成渝赛区,今晚开派队,1099962853,94032,36.158,2021/03/24
成渝赛区,UESTC_Afterglow,1100649947,125953,93.782,2021/03/24
成渝赛区,哑巴湖大水怪,1101129554,126694,52.522,2021/03/18
成渝赛区,林湾村男德学院,1102927761,82022,92.325,2021/03/23
成渝赛区,哦豁，没了呀,1104610402,126690,32.099,2021/03/24
成渝赛区,佩奇身上纹,1104717730,126694,82.706,2021/03/23
成渝赛区,灰头土脸歪瓜裂枣奇形怪状,1107078365,53013,159.194,2021/03/23
成渝赛区,UESTC_KB310,1107094498,99753,90.438,2021/03/23
成渝赛区,定义域,1109168139,41667,75.267,2021/03/24
成渝赛区,我和冰冰贴贴,1109322050,30230,55.029,2021/03/24
成渝赛区,The Loop,1109957005,119876,91.235,2021/03/23
成渝赛区,快乐消失了,1112944190,101953,120.305,2021/03/23
成渝赛区,致富团队,1113768486,122137,47.457,2021/03/24
成渝赛区,Out of memory,1114077469,126694,41.463,2021/03/18
成渝赛区,newWorld,1114411152,125582,45.255,2021/03/22
成渝赛区,uestc_组队啦,1117095168,125284,7.55,2021/03/24
成渝赛区,就这,1117885177,110622,117.75,2021/03/24
成渝赛区,鸡公煲中辣,1118945210,82951,128.375,2021/03/23
成渝赛区,我简单讲两句,1119070316,99430,105.519,2021/03/23
成渝赛区,别卷了,1119595114,61032,92.627,2021/03/19
成渝赛区,八哥都说我队,1120087367,26668,49.908,2021/03/23
成渝赛区,ChengYu111,1120973994,126694,73.518,2021/03/23
成渝赛区,百万行lisp,1122416124,45839,108.068,2021/03/23
成渝赛区,CDUT&GZU冲,1123396695,19011,79.879,2021/03/24
成渝赛区,CQU划水队,1123452751,34909,102.634,2021/03/24
成渝赛区,对象模型,1123622596,78221,82.546,2021/03/22
成渝赛区,UESTC_LW,1124871357,26622,29.796,2021/03/23
成渝赛区,川大无限系,1125172693,122940,64.193,2021/03/23
成渝赛区,西南小旋风,1125733719,121420,104.264,2021/03/23
成渝赛区,UESTC_赤兔马,1126620198,76879,148.136,2021/03/18
成渝赛区,彩虹翅膀,1128507014,96258,73.379,2021/03/24
成渝赛区,潜艇水,1130094878,64888,146.872,2021/03/24
成渝赛区,StopAC,1130625573,40107,88.785,2021/03/20
成渝赛区,重交胜羽,1130696726,42029,15.243,2021/03/22
成渝赛区,3GPP交大分P,1131862894,105294,83.105,2021/03/24
成渝赛区,南山小虎队,1133978624,121190,56.582,2021/03/24
成渝赛区,要永远相信光,1134446408,107709,107.677,2021/03/23
成渝赛区,祥宇哥，这把能赢吧,1136121028,78164,119.491,2021/03/21
成渝赛区,你好坏我好喜欢,1136196381,80439,90.787,2021/03/23
成渝赛区,暴力就完事,1136659411,37065,59.082,2021/03/24
成渝赛区,快乐的小破队,1138040607,42234,104.627,2021/03/24
成渝赛区,小飞侠,1143391289,35643,122.193,2021/03/23
成渝赛区,没钱买服务器,1143576415,31366,111.294,2021/03/21
成渝赛区,FiveTuneMan,1148388290,59566,97.211,2021/03/24
成渝赛区,建新爱上陈伯,1148868543,27623,161.057,2021/03/21
成渝赛区,AFA9347718E44E6A868D0BC56F6C63AF,1152547058,20101,46.556,2021/03/20
成渝赛区,重邮小助手,1155223327,89065,83.813,2021/03/24
成渝赛区,有未无畏,1156044234,21108,88.166,2021/03/24
成渝赛区,完了，要没了,1156063723,48374,111.403,2021/03/21
成渝赛区,我们要凉了啊,1158521123,1336,1.235,2021/03/23
成渝赛区,QXFYaaa,1158772326,24060,18.557,2021/03/20
成渝赛区,FDA,1159234057,0,26.445,2021/03/24
成渝赛区,阿吧阿吧,1159677312,22509,5.273,2021/03/18
成渝赛区,三渣队,1160694542,0,84.331,2021/03/23
成渝赛区,UESTC_神奇调参不迁移,1162351717,0,4.764,2021/03/22
成渝赛区,HHL,1162442431,0,29.607,2021/03/24
成渝赛区,闪电五连鞭,1164876286,0,19.989,2021/03/24
成渝赛区,摸鱼ing,1165815103,4139,111.732,2021/03/23
成渝赛区,NONWORD,1171506162,101137,23.419,2021/03/23
成渝赛区,大佬等等我,1172183129,0,1.469,2021/03/23
成渝赛区,万物皆对象,1173051734,0,47.801,2021/03/23
成渝赛区,前方高能队,1173606260,14631,78.529,2021/03/24
成渝赛区,sword,1177107306,33304,43.521,2021/03/24
成渝赛区,虾仁猪心,1180947147,0,66.945,2021/03/23
成渝赛区,Matlab天下第一,1182444919,0,109.208,2021/03/24
成渝赛区,bug已修复，冲！,1184530364,0,16.399,2021/03/23
成渝赛区,FAZECLAN,1186405766,5784,8.814,2021/03/24
成渝赛区,Don't Rush,1187166631,0,157.47,2021/03/23
成渝赛区,一切皆文件,1188312493,0,16.283,2021/03/23
成渝赛区,littleDoughty,1189244340,11832,19.463,2021/03/21
成渝赛区,今天论文中了吗,1189853443,0,11.213,2021/03/24
成渝赛区,112B,1189853443,0,30.693,2021/03/22
成渝赛区,LCHYZWZY,1191305842,58848,49.079,2021/03/21
成渝赛区,Bug Hunter,1191995704,0,52.109,2021/03/24
成渝赛区,电科冲冲冲,1193340214,93934,1.339,2021/03/21
成渝赛区,红红火火,1195738356,0,2.93,2021/03/22
成渝赛区,冲冲冲,1196246216,0,37.822,2021/03/24
成渝赛区,大佬们停停，别卷了,1196959623,0,2.922,2021/03/23
成渝赛区,不想浑水摸鱼但实力不够只能划水,1197501171,33367,46.876,2021/03/23
成渝赛区,清水河的鹅,1198692942,0,29.869,2021/03/23
成渝赛区,Elog,1200756691,0,81.632,2021/03/23
成渝赛区,ReadyGo,1204608378,49796,14.354,2021/03/24
成渝赛区,无内鬼gkd,1208946056,0,40.485,2021/03/21
成渝赛区,DT,1210775753,0,42.488,2021/03/23
成渝赛区,Gloria,1210982301,0,33.046,2021/03/24
成渝赛区,Again,1211413435,0,5.118,2021/03/20
成渝赛区,hw44812625,1216254072,0,15.387,2021/03/20
成渝赛区,只求跑通,1216975284,0,1.494,2021/03/23
成渝赛区,maozz,1217345649,0,2.888,2021/03/24
成渝赛区,19岁少年想去远方,1217345649,0,2.922,2021/03/23
成渝赛区,爱华,1217926777,0,0.926,2021/03/23
成渝赛区,黑楼黑旗黑暗剑,1217926777,0,0.929,2021/03/15
成渝赛区,草根,1217926777,0,0.934,2021/03/21
西北赛区,孤芳自赏,1074483263,95890,52.13,2021/03/23
西北赛区,前面大佬等等我,1080734237,126694,46.539,2021/03/23
西北赛区,独钓寒江雪,1081199361,126694,132.223,2021/03/24
西北赛区,蜀军,1083335573,126694,83.312,2021/03/24
西北赛区,ambition,1085841083,88485,61.16,2021/03/23
西北赛区,533yyds,1086216794,126694,50.936,2021/03/23
西北赛区,lab楼上和楼下,1088515419,126694,59.489,2021/03/24
西北赛区,蛮易信三兄弟,1089467160,81989,83.166,2021/03/24
西北赛区,IPIU,1095677571,126694,141.046,2021/03/24
西北赛区,苟进复赛,1097260917,120949,109.336,2021/03/24
西北赛区,中华小当家,1097373961,126694,108.87,2021/03/24
西北赛区,我没有摸鱼啊,1097495085,125083,25.374,2021/03/24
西北赛区,DF-17,1101324727,111470,72.465,2021/03/24
西北赛区,西北墨麒麟,1102666200,87949,75.406,2021/03/24
西北赛区,面壁者05,1104853818,60583,32.227,2021/03/24
西北赛区,Apollo_go,1105650501,96006,107.01,2021/03/21
西北赛区,FLL,1105973539,126694,73.981,2021/03/23
西北赛区,下次必过六级,1112800451,111746,106.163,2021/03/24
西北赛区,一个好汉两个帮,1114323388,120824,99.484,2021/03/24
西北赛区,西北战狼,1115361268,126694,82.676,2021/03/24
西北赛区,霸王薯条配番茄,1115412505,19688,72.998,2021/03/24
西北赛区,你这个服务器很漂亮哦,1116041684,118058,88.568,2021/03/23
西北赛区,异世相遇,1117105164,91518,124.366,2021/03/24
西北赛区,曹刘,1119460610,96092,132.227,2021/03/24
西北赛区,一路向北,1119811271,126694,84.43,2021/03/24
西北赛区,不知道叫什么,1122615556,39114,38.396,2021/03/24
西北赛区,中央软件院命题组,1124356190,88796,115.962,2021/03/23
西北赛区,旺仔牛奶,1124558514,7365,144.707,2021/03/24
西北赛区,just try 一下,1129058732,126694,88.822,2021/03/23
西北赛区,随缘吧,1129325868,66810,49.033,2021/03/24
西北赛区,team461,1129329901,98459,75.309,2021/03/24
西北赛区,沃门率德布耀布耀德,1129542973,60926,60.634,2021/03/24
西北赛区,编程第一法则,1132963395,88105,92.411,2021/03/23
西北赛区,敏感肌也可以用,1133120826,18251,54.112,2021/03/18
西北赛区,二缺一,1133296462,42869,156.391,2021/03/24
西北赛区,balabala小魔仙,1136844183,42465,38.212,2021/03/24
西北赛区,屋内贵,1137853120,126643,62.112,2021/03/23
西北赛区,123456,1139727278,55267,52.177,2021/03/19
西北赛区,网格调参,1145591194,88219,29.92,2021/03/23
西北赛区,一堆滩在墙角的泥,1147638454,47272,120.672,2021/03/22
西北赛区,Big3,1154576229,17841,35.88,2021/03/23
西北赛区,XD-LWY,1154771471,17768,42.734,2021/03/23
西北赛区,创新港混吃等死队,1156846600,0,7.629,2021/03/22
西北赛区,UTF-8,1159125127,0,43.553,2021/03/23
西北赛区,以上队伍成绩均无效,1159206690,15092,1.502,2021/03/24
西北赛区,熬夜伤肝,1159615312,34799,139.611,2021/03/24
西北赛区,冲TMD,1160064149,50193,126.565,2021/03/24
西北赛区,开赛即退赛,1160073794,10924,10.792,2021/03/18
西北赛区,大战三百回合,1160315985,0,20.311,2021/03/23
西北赛区,菜鸡敢死队,1163029720,101165,136.114,2021/03/24
西北赛区,青青子衿,1164961574,0,146.519,2021/03/24
西北赛区,刑事组之虎,1164982688,99744,115.411,2021/03/24
西北赛区,一轮游小队,1164989046,21622,43.36,2021/03/23
西北赛区,go,1166108278,0,26.285,2021/03/18
西北赛区,大佬们别卷了,1169210250,0,1.839,2021/03/23
西北赛区,nini,1171695143,14199,6.581,2021/03/24
西北赛区,youyou,1176034782,13596,6.387,2021/03/23
西北赛区,三个臭皮匠1024,1177304596,31473,94.002,2021/03/24
西北赛区,加油！往前冲,1178610714,252,57.87,2021/03/23
西北赛区,菜中菜,1186971249,0,11.316,2021/03/24
西北赛区,一帆风顺,1187927333,0,1.293,2021/03/15
西北赛区,Cation,1187928483,0,85.706,2021/03/24
西北赛区,小红花,1188149335,976,7.883,2021/03/23
西北赛区,下线通知,1188511008,0,19.252,2021/03/23
西北赛区,RailroadGuerrilla,1189107697,0,8.809,2021/03/22
西北赛区,不讲伍德,1189275897,0,0.53,2021/03/19
西北赛区,野狼盟编程队,1189853443,0,16.533,2021/03/22
西北赛区,卷帘大将吃着花卷进了卷帘门,1190135109,0,15.673,2021/03/18
西北赛区,PokePoke,1190138095,41649,110.406,2021/03/24
西北赛区,耶斯莫拉！,1194546410,0,47.877,2021/03/23
西北赛区,中华有为_西安,1196374186,121321,103.297,2021/03/21
西北赛区,师兄恋爱了,1198734152,0,123.451,2021/03/19
西北赛区,14级一区队二班,1199708170,704,12.724,2021/03/24
西北赛区,这代码乱写的,1205949422,0,56.754,2021/03/23
西北赛区,今晚打老虎,1208257119,0,10.797,2021/03/22
西北赛区,洛兮妹妹粉丝团,1211558942,0,5.283,2021/03/22
西北赛区,大雄,1212643236,5952,1.438,2021/03/24
西北赛区,想给自己打个工,1213234695,0,7.803,2021/03/22
西北赛区,大王叫我来巡山,1214358839,0,8.233,2021/03/24
西北赛区,考研老年人,1215690559,0,28.21,2021/03/21
西北赛区,smile,1216948348,0,31.378,2021/03/24
西北赛区,华为绿卡我去找你了,1217903260,0,0.425,2021/03/20
西北赛区,计算生命译码未来,1217903260,0,0.804,2021/03/20
西北赛区,学习使我快乐,1217926777,0,0.52,2021/03/23
西北赛区,hw80967194,1217926777,0,0.925,2021/03/13
西北赛区,GoBig,1217926777,0,0.931,2021/03/17
西北赛区,在线划水,1217926777,0,0.948,2021/03/24
西北赛区,有容云服务公司,1217926777,0,0.96,2021/03/15
西北赛区,422皮划艇,1217926777,0,0.964,2021/03/18
西北赛区,zz,1217926777,0,1.552,2021/03/14
西北赛区,Little_Rookie,1217926777,0,1.57,2021/03/12
西北赛区,光之巨人,1217926777,0,2.002,2021/03/20
西北赛区,jzz,1217926777,0,15.175,2021/03/17
西北赛区,mx冲冲冲,1217926777,0,53.026,2021/03/22
西北赛区,凌云,1218826678,0,1.141,2021/03/24
西北赛区,西北孤傲的狼,1225198555,0,38.323,2021/03/17
西北赛区,hehehehahaha,1229627380,30166,5.462,2021/03/18
西北赛区,A Test For Me,1231029045,126678,6.831,2021/03/24
西北赛区,328过道,1231691441,0,36.307,2021/03/24
西北赛区,有点np,1234058270,0,18.732,2021/03/17
武长赛区,6-206,1074736428,126694,88.051,2021/03/23
武长赛区,优化靠调参，队友骂我憨,1076354332,126694,121.092,2021/03/23
武长赛区,神说：我想要华为手环,1082824724,124240,145.305,2021/03/24
武长赛区,旺仔小分队,1085263583,93579,70.706,2021/03/24
武长赛区,SCI403,1088638988,126694,91.861,2021/03/24
武长赛区,三缺一,1090944433,126635,71.127,2021/03/22
武长赛区,单文件编译yyds,1093496495,102669,58.216,2021/03/24
武长赛区,奥特曼不相信光,1095119168,90916,121.584,2021/03/24
武长赛区,TequilaLey.925,1097006601,82708,106.843,2021/03/24
武长赛区,我们代码都对不对也对出bug就是编译器不队,1098612372,126694,138.635,2021/03/23
武长赛区,十之心,1099060897,105016,108.041,2021/03/23
武长赛区,玩具阿萨姆运输车,1101725807,115861,77.787,2021/03/19
武长赛区,hw77312280,1101801556,58638,62.252,2021/03/23
武长赛区,saltFish,1102149819,33538,116.244,2021/03/23
武长赛区,打入四强就算成功,1102203601,120662,10.972,2021/03/23
武长赛区,阿旺说的都,1103157484,126694,116.654,2021/03/24
武长赛区,多人击剑运动爱好者代表队,1103226303,111447,109.155,2021/03/24
武长赛区,ShowMacode,1106802002,126694,1.644,2021/03/24
武长赛区,鸽子直升机,1108047918,51214,114.8,2021/03/24
武长赛区,HNU-菜鸡二人组,1108779220,46377,89.971,2021/03/24
武长赛区,宋小萌,1110554262,120909,114.61,2021/03/21
武长赛区,daimaohui,1111022935,121538,68.491,2021/03/22
武长赛区,周末的摸鱼理由是加班,1115662108,122047,38.264,2021/03/20
武长赛区,HUST_CS_A342,1118792532,97268,100.864,2021/03/24
武长赛区,一切为了中心,1122806532,126694,39.481,2021/03/22
武长赛区,加班就吃汉堡王,1123442732,88206,131.111,2021/03/23
武长赛区,菜鸟驿站,1123940677,124892,37.157,2021/03/23
武长赛区,别卷了我累了,1124397831,117738,25.33,2021/03/24
武长赛区,我的代码都队,1125822359,108740,160.121,2021/03/24
武长赛区,冰镇剑,1126055966,70903,106.261,2021/03/21
武长赛区,答的都队,1126759024,88603,18.86,2021/03/23
武长赛区,编码吧兄弟,1131042475,79849,112.288,2021/03/24
武长赛区,zero,1133672034,82625,89.929,2021/03/24
武长赛区,干啥都是气氛组,1135198349,21288,105.264,2021/03/24
武长赛区,怎么硕呢,1138918753,87041,73.632,2021/03/23
武长赛区,转生成码农又怎样！,1140240996,126694,4.125,2021/03/21
武长赛区,凯神粉丝后援团第一支队,1140467921,28197,13.838,2021/03/22
武长赛区,Triumph,1141793005,73746,94.107,2021/03/24
武长赛区,麓南青年胜利队,1143832100,56582,60.793,2021/03/23
武长赛区,HNU-WHUT,1145114979,0,6.362,2021/03/17
武长赛区,PJYDSL,1149231986,27327,26.361,2021/03/20
武长赛区,体验学习,1149774798,7406,4.889,2021/03/23
武长赛区,莽夫,1152114809,94081,8.296,2021/03/23
武长赛区,找不到工作,1162900174,0,27.113,2021/03/24
武长赛区,没有奥特曼,1163835617,0,123.772,2021/03/24
武长赛区,永远的草帽,1163871558,0,38.582,2021/03/22
武长赛区,whut123,1164879775,0,133.735,2021/03/22
武长赛区,forever,1165230805,33783,118.525,2021/03/24
武长赛区,不会取名字啊,1165336755,0,36.964,2021/03/24
武长赛区,题目怎么都做不队,1166729048,15973,110.51,2021/03/23
武长赛区,钰秀,1172751409,0,25.22,2021/03/20
武长赛区,孤狼能走多远,1179559184,0,66.791,2021/03/23
武长赛区,华为华为看看我,1181716165,0,16.306,2021/03/21
武长赛区,Tree,1182654395,24644,54.061,2021/03/23
武长赛区,LLH,1188742160,30388,101.313,2021/03/23
武长赛区,cainiao,1189853443,0,31.741,2021/03/24
武长赛区,RoboMatrix,1191224660,0,8.151,2021/03/19
武长赛区,湘人,1192711754,48277,156.728,2021/03/19
武长赛区,学习队,1195548587,22150,177.476,2021/03/21
武长赛区,121,1196532270,0,17.036,2021/03/19
武长赛区,摸鱼小能手,1199607947,0,19.393,2021/03/22
武长赛区,随遇而安,1199955962,0,1.1,2021/03/20
武长赛区,巨人不完结我们不改名,1201301513,56963,42.116,2021/03/24
武长赛区,kirkgong,1202050909,0,12.978,2021/03/24
武长赛区,起名字好难,1202669689,0,12.039,2021/03/22
武长赛区,就是来看一看对不队,1206258046,0,17.364,2021/03/18
武长赛区,气氛组,1209026439,0,9.372,2021/03/24
武长赛区,Matrix,1215761853,0,6.413,2021/03/23
武长赛区, 名字好长,1216825580,0,5.554,2021/03/17
武长赛区,return0,1216849500,0,14.585,2021/03/23
武长赛区,_SE_Master_,1217325110,0,27.9,2021/03/22
武长赛区,Maila,1217458701,126579,5.061,2021/03/22
武长赛区,搞快点！搞快点！！,1217903260,0,0.715,2021/03/20
武长赛区,未名土坡_三角水沟,1217903260,0,2.513,2021/03/21
武长赛区,菜与羊,1217926777,0,0.93,2021/03/23
武长赛区,我们是炮灰,1218014054,0,73.799,2021/03/19
武长赛区,2048,1218507523,0,0.824,2021/03/20
武长赛区,划水队_WUHAN,1222281078,0,54.361,2021/03/18
武长赛区,233,1228612351,58636,100.208,2021/03/23
武长赛区,mzl312,1229687475,0,1.19,2021/03/24
武长赛区,知道不知道你不知道,1240974080,2535,6.426,2021/03/23
武长赛区,HUST_1037,1241483299,0,11.793,2021/03/24
武长赛区,O0o.o0O,1248548508,0,4.872,2021/03/24
武长赛区,Accept,1250327776,0,35.897,2021/03/24
武长赛区,没有人组队,1250619240,126692,18.054,2021/03/22
武长赛区,convolution没有积,1251962566,0,112.416,2021/03/23
武长赛区,崩崩崩,1253665312,0,80.957,2021/03/20
武长赛区,Younger-1,1257321067,0,3.052,2021/03/20
武长赛区,fl,1259166902,0,5.862,2021/03/23
武长赛区,FXDZ,1260122046,103593,124.658,2021/03/22
武长赛区,武理观光团,1264034272,0,3.868,2021/03/20
武长赛区,iostream,1264180098,0,8.77,2021/03/21
武长赛区,那年十八站着如喽罗,1264607779,32087,11.645,2021/03/21
武长赛区,剁椒鱼和小辣鸡,1277066992,0,1.211,2021/03/23
武长赛区,汪汪队立大功,1283298958,0,2.07,2021/03/22
武长赛区,武理有理,1284583834,0,8.04,2021/03/24
武长赛区,baolimeixue,1285992588,1513,11.437,2021/03/24
武长赛区,live in pienapple,1288974163,0,9.339,2021/03/24
武长赛区,别码了追不上了,1290106075,0,2.077,2021/03/24
武长赛区,marMars,1290268511,0,95.293,2021/03/23
粤港澳赛区,619-hpdbman,1085955592,103326,115.549,2021/03/24
粤港澳赛区,再不改名就没机会了,1088490310,116164,110.329,2021/03/24
粤港澳赛区,划进复赛,1089980694,76300,110.701,2021/03/23
粤港澳赛区,hw47626030,1091001223,59143,93.433,2021/03/21
粤港澳赛区,向我开炮！,1091862231,90648,118.648,2021/03/23
粤港澳赛区,蒸羊羔蒸熊掌蒸鹿尾儿烧花鸭烧雏鸡儿烧子鹅卤煮咸鸭酱鸡腊肉松花小肚儿晾肉香肠什锦苏盘熏鸡白肚儿清蒸八宝猪江米酿鸭子罐儿野鸡罐儿鹌鹑卤什锦卤子鹅卤虾烩虾炝,1093480015,126694,31.868,2021/03/22
粤港澳赛区,面对疾风吧,1095176720,96618,113.232,2021/03/24
粤港澳赛区,ghost,1101422809,89974,134.99,2021/03/23
粤港澳赛区,Z的绝对值,1102026794,126694,27.13,2021/03/19
粤港澳赛区,提着獭犸的喇嘛要拿獭犸换别着喇叭的哑巴的喇叭别着喇叭的哑巴不愿拿喇叭换提着獭犸的喇嘛的獭犸也不知是提拉着獭犸的喇嘛打了别喇叭哑巴一獭犸,1102664040,20329,32.245,2021/03/23
粤港澳赛区,我会守住ices的一切,1105080761,95824,107.186,2021/03/23
粤港澳赛区,泉水喊6人员,1108471639,66291,127.802,2021/03/23
粤港澳赛区,1704b,1111441544,31544,134.102,2021/03/20
粤港澳赛区,偷偷上分,1112612245,124901,45.881,2021/03/24
粤港澳赛区,D·A·E·X,1112814202,125093,7.309,2021/03/18
粤港澳赛区,不肝不卷睡大觉,1113253276,120735,136.804,2021/03/23
粤港澳赛区,大佬们体谅下,1113260719,126694,91.373,2021/03/24
粤港澳赛区,流沙,1113819892,126694,40.129,2021/03/24
粤港澳赛区,酱油小队,1115662102,48547,52.936,2021/03/23
粤港澳赛区,那就这样吧,1115975321,126694,46.869,2021/03/24
粤港澳赛区,UESTC-没人比我更懂调参,1117951122,126694,111.642,2021/03/24
粤港澳赛区,(—o—) . z Z,1118087221,13615,49.664,2021/03/19
粤港澳赛区,HNU-MPTCP Group,1119004224,27565,9.542,2021/03/21
粤港澳赛区,无限扩容,1120781431,24695,32.601,2021/03/24
粤港澳赛区,UESTC-参数全队,1120973994,126694,85.491,2021/03/23
粤港澳赛区,四字成语,1121163237,0,16.839,2021/03/23
粤港澳赛区,620&619-F3,1122312309,82105,61.045,2021/03/24
粤港澳赛区,好好学习天天向上,1122818240,125987,125.251,2021/03/23
粤港澳赛区,一轮就跑路,1122970835,48314,88.287,2021/03/15
粤港澳赛区,可口可乐形象大使,1127157729,126563,26.725,2021/03/24
粤港澳赛区,骗分大队,1130238989,126694,7.21,2021/03/24
粤港澳赛区,真的吗？我不信,1134165873,124095,129.046,2021/03/24
粤港澳赛区,特来学习C++,1134415310,21123,65.885,2021/03/24
粤港澳赛区,楼上的哥哥好厉害,1140710819,86126,54.899,2021/03/24
粤港澳赛区,创造1010,1141277721,91478,77.27,2021/03/24
粤港澳赛区,OutOfMemory,1144153619,0,20.209,2021/03/24
粤港澳赛区,爱会消失对不队,1144556387,26623,137.048,2021/03/24
粤港澳赛区,UESTC_巴韭特,1144738285,33987,48.1,2021/03/24
粤港澳赛区,GUET-陷入沉思队,1145088423,70871,51.798,2021/03/24
粤港澳赛区,篮网总冠军,1147879384,13177,126.332,2021/03/24
粤港澳赛区,文山湖的黑天鹅,1149595832,16029,10.736,2021/03/23
粤港澳赛区,中文名,1151269238,42329,20.974,2021/03/23
粤港澳赛区,maxPG,1151270898,125987,84.353,2021/03/23
粤港澳赛区,桂林扛把子,1152585352,0,12.655,2021/03/21
粤港澳赛区,海克斯最后通牒,1156174147,126354,25.875,2021/03/20
粤港澳赛区,落花人独立,1156585728,0,11.94,2021/03/23
粤港澳赛区,蒙得全,1156824533,0,11.322,2021/03/23
粤港澳赛区,学习Java,1159805019,10124,110.464,2021/03/24
粤港澳赛区,打倒老郭就算赢,1164068074,126694,1.803,2021/03/24
粤港澳赛区,candy,1166105379,55264,36.042,2021/03/22
粤港澳赛区,gz,1166690264,20457,31.981,2021/03/22
粤港澳赛区,SYSU_unhindered,1166700254,0,4.408,2021/03/21
粤港澳赛区,涵佬带我飞,1167531683,124184,48.437,2021/03/24
粤港澳赛区,机器人工程与实践助教,1170265607,0,25.604,2021/03/23
粤港澳赛区,222,1171522922,0,2.757,2021/03/16
粤港澳赛区,不要ma,1173973306,0,30.266,2021/03/20
粤港澳赛区,Stellar,1186977161,0,19.699,2021/03/21
粤港澳赛区,经验宝宝,1188209825,0,60.291,2021/03/24
粤港澳赛区,只为64名,1190139118,0,7.543,2021/03/24
粤港澳赛区,findlab404,1195251900,0,50.102,2021/03/24
粤港澳赛区,我在致腾楼摸鱼,1195573466,0,3.233,2021/03/22
粤港澳赛区,小鸡鸽了,1198868371,0,17.58,2021/03/21
粤港澳赛区,奥利奥利奥,1199425738,0,0.464,2021/03/19
粤港澳赛区,CCC,1199551388,0,10.426,2021/03/23
粤港澳赛区,帅批战队,1199712591,0,41.408,2021/03/24
粤港澳赛区, 求求别再卷了,1200383627,0,3.336,2021/03/24
粤港澳赛区,吊打粤港澳,1201394646,0,60.489,2021/03/23
粤港澳赛区,随便买,1202634224,61316,47.187,2021/03/23
粤港澳赛区,又菜又爱玩,1202798610,0,157.702,2021/03/24
粤港澳赛区,迪迦,1207865966,0,25.0,2021/03/24
粤港澳赛区,汪王蔡,1208536179,0,143.349,2021/03/21
粤港澳赛区,孤军奋战,1209021569,0,3.614,2021/03/24
粤港澳赛区,爱国爱家,1209254337,0,2.277,2021/03/22
粤港澳赛区,Yesmola,1211608485,0,37.692,2021/03/23
粤港澳赛区,python之禅队,1212053789,0,138.433,2021/03/20
粤港澳赛区,守住底线,1213146522,0,74.382,2021/03/22
粤港澳赛区,event_excrement_stirring_stick,1214968408,566,19.077,2021/03/15
粤港澳赛区,203混子队,1217926777,0,0.948,2021/03/12
粤港澳赛区,随便叫,1217926777,0,0.964,2021/03/24
粤港澳赛区,快牛小队,1217926777,0,1.572,2021/03/23
粤港澳赛区,HQ999,1224334158,0,6.655,2021/03/22
粤港澳赛区,laozi,1225589458,0,3.481,2021/03/16
粤港澳赛区,反恐精英队,1233210587,0,69.547,2021/03/24
粤港澳赛区,SYSU_Continued,1235292800,0,99.041,2021/03/17
粤港澳赛区,满绩少年和他的朋友们,1236325389,0,3.85,2021/03/19
粤港澳赛区,你瞅啥,1239168798,0,154.059,2021/03/20
粤港澳赛区,浑水摸鱼.jpg,1240628886,0,7.944,2021/03/21
粤港澳赛区,锲思,1246312474,56422,2.429,2021/03/24
粤港澳赛区,奔驰的小野马,1248322995,26145,11.583,2021/03/23
粤港澳赛区,七星吴彦组,1257964253,0,52.59,2021/03/24
粤港澳赛区,new一个模型,1265113360,0,13.104,2021/03/19
粤港澳赛区,Shacoo,1265652982,0,17.054,2021/03/19
粤港澳赛区,领头杨,1266731992,0,1.195,2021/03/22
粤港澳赛区,大胆一try队,1267822455,0,9.137,2021/03/24
粤港澳赛区,Valar Dohaeris,1272498335,0,8.203,2021/03/24
粤港澳赛区,划船不靠桨,1272629204,0,8.524,2021/03/24
粤港澳赛区,GHXJ,1272983335,0,0.933,2021/03/23
粤港澳赛区,呐呐呐,1273730259,0,13.973,2021/03/20
粤港澳赛区,guet摸鱼队,1275792036,20968,92.142,2021/03/23
粤港澳赛区,菜鸡互啄,1277404259,0,1.721,2021/03/13
